Unnamed: 0,UniProt ID,Gene,Mutation,Class,ANDN920101,ARGP820101,ARGP820102,ARGP820103,BEGF750101,BEGF750102,BEGF750103,BHAR880101,BIGC670101,BIOV880101,bf_peptide,af_peptide,bf_peptide_ratio,af_peptide_ratio
6051,P51587,BRCA2,S1914N,Passenger,0.25,0.009999999999999995,-0.74,-0.54,0.0,0.0,0.13,-0.043999999999999984,20.800000000000004,-4.0,CS,ST,0.0,0.73
6427,Q9HC96,CAN10,I666V,Passenger,0.0,-0.9000000000000001,-0.3699999999999999,-0.53,0.08999999999999997,0.0,0.0,-0.07600000000000001,-16.900000000000006,-28.0,SI,IM,0.0,0.0
12650,P20929,NEBU,T1899I,Passenger,-0.39999999999999947,2.1700000000000004,0.61,0.7599999999999999,0.29,0.15000000000000002,-0.38,0.018000000000000016,30.799999999999997,189.0,HT,TY,0.0,0.0
7887,P11532,DMD,N2355K,Passenger,-0.3899999999999997,1.0899999999999999,-0.17,-0.12000000000000002,0.25,0.0,-0.21999999999999997,0.0030000000000000027,29.39999999999999,-67.0,YN,NQ,0.0,0.22
13484,Q86U86,PB1,H246N,Passenger,0.1200000000000001,-0.55,-0.07999999999999999,-0.019999999999999962,-0.25,-0.2799999999999999,0.21999999999999997,0.14,-16.200000000000003,-124.0,IH,HA,0.0,0.36
14092,Q86WI1,PKHL1,H923R,Passenger,-0.25,-0.010000000000000009,-0.10999999999999999,0.16000000000000003,-0.07999999999999996,-0.10999999999999999,0.08999999999999997,0.20600000000000002,17.19999999999999,-120.0,IH,HI,0.0,1.09
12696,O76041,NEBL,I109T,Passenger,0.39999999999999947,-2.1700000000000004,-0.61,-0.7599999999999999,-0.29,-0.15000000000000002,0.38,-0.018000000000000016,-30.799999999999997,-189.0,TI,ID,0.0,0.73
10141,P01909,DQA1,C70Q,Passenger,-0.28000000000000025,-1.07,-1.17,-0.72,0.38,0.06999999999999995,-0.19999999999999996,0.14700000000000002,21.400000000000006,-241.0,WC,CL,0.0,0.0
12273,Q9UIF7,MUTYH,P513L,Passenger,-0.27000000000000046,-0.41999999999999993,2.4699999999999998,2.17,0.94,0.2799999999999999,-0.43999999999999995,-0.14400000000000002,28.400000000000006,165.0,SP,PC,0.0,0.0
10652,Q12809,KCNH2,D580H,Passenger,-0.1299999999999999,0.14999999999999997,0.26,0.14999999999999997,0.15999999999999998,0.17999999999999994,-0.21999999999999997,-0.188,23.5,128.0,MD,DS,0.0,0.33
11188,Q9Y6N6,LAMC3,S813N,Passenger,0.25,0.009999999999999995,-0.74,-0.54,0.0,0.0,0.13,-0.043999999999999984,20.800000000000004,-4.0,CS,SG,0.0,0.87
11998,P52701,MSH6,P831A,Passenger,-0.09000000000000075,-1.3399999999999999,0.41999999999999993,0.8,0.94,0.21999999999999997,-0.6,-0.15200000000000002,-20.999999999999993,36.0,SP,PL,0.0,1.09
15547,Q14524,SCN5A,W1095C,Passenger,-0.04999999999999982,-1.5799999999999998,1.1199999999999999,0.1499999999999999,-0.6699999999999999,-0.12,-0.13,0.04099999999999998,-67.10000000000001,23.0,TW,WS,0.0,0.0
15335,Q92736,RYR2,I597M,Passenger,0.5699999999999994,-1.0400000000000003,1.22,1.29,0.27,0.0,0.27,-0.16700000000000004,-4.299999999999997,-27.0,SI,II,0.0,0.87
12425,P13535,MYH8,K1460R,Passenger,0.019999999999999574,-0.5499999999999999,0.14,0.30000000000000004,-0.07999999999999996,0.16999999999999993,0.08999999999999997,0.063,4.0,71.0,WK,KQ,0.0,0.73
11231,Q8N149,LIRA2,H25N,Passenger,0.1200000000000001,-0.55,-0.07999999999999999,-0.019999999999999962,-0.25,-0.2799999999999999,0.21999999999999997,0.14,-16.200000000000003,-124.0,GH,HL,0.0,0.82
5859,P38398,BRCA1,S1180N,Passenger,0.25,0.009999999999999995,-0.74,-0.54,0.0,0.0,0.13,-0.043999999999999984,20.800000000000004,-4.0,KS,SV,0.0,0.68
17291,P49815,TSC2,E1528D,Passenger,0.46999999999999975,-0.009999999999999953,-0.06,-0.09,-0.29,0.09999999999999998,0.43999999999999995,0.014000000000000012,-16.299999999999997,28.0,FE,ER,0.0,1.22
16025,Q9NRH2,SNRK,P391S,Passenger,0.05999999999999961,-1.9,0.20999999999999996,0.050000000000000044,0.29,0.0,-0.13,-0.0020000000000000018,-18.699999999999996,-50.0,SP,PA,0.0,0.44
17808,Q7Z7G8,VP13B,I2236L,Passenger,0.21999999999999975,-0.6900000000000002,1.78,1.2600000000000002,0.27,-0.15000000000000002,0.16000000000000003,-0.09700000000000003,0.0,-6.0,SI,ID,0.0,0.73
17828,Q7Z7G8,VP13B,K2388Q,Passenger,0.009999999999999787,-1.15,0.6599999999999999,0.36,-0.15999999999999998,0.16999999999999993,-0.10999999999999999,0.02699999999999997,-15.399999999999991,68.0,QK,KV,0.0,1.09
13699,Q5VY43,PEAR1,S234P,Passenger,-0.05999999999999961,1.9,-0.20999999999999996,-0.050000000000000044,-0.29,0.0,0.13,0.0020000000000000018,18.699999999999996,50.0,HS,SC,0.0,0.73
8826,P28715,ERCC5,R420L,Passenger,-0.20999999999999996,0.93,3.03,2.48,0.48,0.10999999999999999,-0.30999999999999994,-0.16400000000000003,-7.099999999999994,215.0,MR,RI,0.0,3.26
9809,Q8WXG9,AGRV1,T5650I,Passenger,-0.39999999999999947,2.1700000000000004,0.61,0.7599999999999999,0.29,0.15000000000000002,-0.38,0.018000000000000016,30.799999999999997,189.0,HT,TI,0.0,0.0
17641,O75445,USH2A,H2185R,Passenger,-0.25,-0.010000000000000009,-0.10999999999999999,0.16000000000000003,-0.07999999999999996,-0.10999999999999999,0.08999999999999997,0.20600000000000002,17.19999999999999,-120.0,TH,HD,0.0,0.0
12217,Q9HC84,MUC5B,S1883G,Passenger,-0.5299999999999998,0.020000000000000004,-0.48,-0.19000000000000006,0.0,0.09999999999999998,0.13,0.03700000000000003,-18.6,57.0,YS,SH,0.0,0.82
7802,Q9UPY3,DICER,G258V,Passenger,-0.020000000000000018,1.25,0.5900000000000001,0.5199999999999999,0.47,0.32999999999999996,-0.6,-0.15800000000000003,48.8,136.0,CG,GP,0.0,0.82
11936,P52701,MSH6,N21S,Passenger,-0.25,-0.009999999999999995,0.74,0.54,0.0,0.0,-0.13,0.043999999999999984,-20.800000000000004,4.0,AN,NK,0.0,0.36
13188,Q5VST9,OBSCN,Q1248H,Passenger,0.2599999999999998,0.61,-0.41,-0.22000000000000003,0.15999999999999998,0.10999999999999999,0.10999999999999999,-0.16999999999999998,2.200000000000003,123.0,FQ,QL,0.0,1.09
8451,Q13627,DYR1A,M739L,Passenger,-0.34999999999999964,0.3500000000000001,0.56,-0.029999999999999805,0.0,-0.15000000000000002,-0.10999999999999999,0.07,4.299999999999997,21.0,TM,MR,0.0,0.0
11263,P50851,LRBA,N2159S,Passenger,-0.25,-0.009999999999999995,0.74,0.54,0.0,0.0,-0.13,0.043999999999999984,-20.800000000000004,4.0,AN,NR,0.0,6.53
11153,Q16787,LAMA3,T2702A,Passenger,0.0,0.5599999999999999,0.33999999999999997,0.65,0.56,-0.05999999999999994,-0.38,-0.08700000000000002,-18.6,54.0,NT,TI,0.0,0.0
5321,Q13315,ATM,S1691T,Passenger,-0.15000000000000036,0.0,-0.13,0.09999999999999998,0.09000000000000002,0.2799999999999999,-0.08999999999999997,-0.063,16.300000000000004,32.0,HS,SK,0.0,1.09
14960,P04049,RAF1,I201V,Passenger,0.0,-0.9000000000000001,-0.3699999999999999,-0.53,0.08999999999999997,0.0,0.0,-0.07600000000000001,-16.900000000000006,-28.0,TI,IG,0.0,1.09
6491,P22681,CBL,I130V,Passenger,0.0,-0.9000000000000001,-0.3699999999999999,-0.53,0.08999999999999997,0.0,0.0,-0.07600000000000001,-16.900000000000006,-28.0,TI,IS,0.0,0.54
6053,P51587,BRCA2,S231N,Passenger,0.25,0.009999999999999995,-0.74,-0.54,0.0,0.0,0.13,-0.043999999999999984,20.800000000000004,-4.0,KS,SY,0.0,0.0
9776,Q8WXG9,AGRV1,R1319Q,Passenger,-0.009999999999999787,-0.6,0.52,0.06,-0.08000000000000002,0.0,-0.19999999999999996,-0.03600000000000003,-19.39999999999999,-3.0,MR,RR,0.0,2.64
17471,P29597,TYK2,T668M,Passenger,0.16999999999999993,1.13,1.83,2.05,0.56,0.15000000000000002,-0.10999999999999999,-0.14900000000000002,26.5,162.0,HT,TH,0.0,0.0
8914,Q5T1H1,EYS,N2151S,Passenger,-0.25,-0.009999999999999995,0.74,0.54,0.0,0.0,-0.13,0.043999999999999984,-20.800000000000004,4.0,FN,NG,0.0,0.22
5689,Q8TD16,BICD2,K90R,Passenger,0.019999999999999574,-0.5499999999999999,0.14,0.30000000000000004,-0.07999999999999996,0.16999999999999993,0.08999999999999997,0.063,4.0,71.0,HK,KK,0.0,0.36
12520,P52179,MYOM1,E784K,Passenger,0.07000000000000028,0.6799999999999999,-0.05,-0.08000000000000002,-0.13,0.0,0.21999999999999997,-0.030999999999999972,20.39999999999999,-35.0,WE,EP,0.0,0.16
17783,Q7Z7G8,VP13B,I949M,Passenger,0.5699999999999994,-1.0400000000000003,1.22,1.29,0.27,0.0,0.27,-0.16700000000000004,-4.299999999999997,-27.0,SI,IQ,0.0,1.09
5589,Q99728,BARD1,I254L,Passenger,0.21999999999999975,-0.6900000000000002,1.78,1.2600000000000002,0.27,-0.15000000000000002,0.16000000000000003,-0.09700000000000003,0.0,-6.0,QI,IN,0.0,0.0
8883,Q9UQ84,EXO1,P640S,Passenger,0.05999999999999961,-1.9,0.20999999999999996,0.050000000000000044,0.29,0.0,-0.13,-0.0020000000000000018,-18.699999999999996,-50.0,SP,PT,0.0,1.09
7356,P12111,CO6A3,P1942L,Passenger,-0.27000000000000046,-0.41999999999999993,2.4699999999999998,2.17,0.94,0.2799999999999999,-0.43999999999999995,-0.14400000000000002,28.400000000000006,165.0,SP,PD,0.0,0.82
4484,P78363,ABCA4,H142Y,Passenger,-0.03000000000000025,1.27,0.08000000000000002,0.39000000000000007,-0.15999999999999998,0.0,0.08999999999999997,0.09699999999999998,24.299999999999997,3.0,TH,HP,0.0,2.18
9209,P35556,FBN2,N2240S,Passenger,-0.25,-0.009999999999999995,0.74,0.54,0.0,0.0,-0.13,0.043999999999999984,-20.800000000000004,4.0,CN,NE,0.0,0.54
12078,P55157,MTP,Y15H,Passenger,0.03000000000000025,-1.27,-0.08000000000000002,-0.39000000000000007,0.15999999999999998,0.0,-0.08999999999999997,-0.09699999999999998,-24.299999999999997,-3.0,SY,YS,0.0,0.0
8260,Q02487,DSC2,V518L,Passenger,0.21999999999999975,0.20999999999999996,2.15,1.7900000000000003,0.18000000000000005,-0.15000000000000002,0.16000000000000003,-0.02100000000000002,16.900000000000006,22.0,WV,VT,0.0,1.31
11334,Q5S007,LRRK2,I723V,Passenger,0.0,-0.9000000000000001,-0.3699999999999999,-0.53,0.08999999999999997,0.0,0.0,-0.07600000000000001,-16.900000000000006,-28.0,SI,IM,0.0,0.0
4461,Q99758,ABCA3,N140H,Passenger,-0.1200000000000001,0.55,0.07999999999999999,0.019999999999999962,0.25,0.2799999999999999,-0.21999999999999997,-0.14,16.200000000000003,124.0,FN,NH,0.0,0.0
8657,Q9NZJ5,E2AK3,Y186H,Passenger,0.03000000000000025,-1.27,-0.08000000000000002,-0.39000000000000007,0.15999999999999998,0.0,-0.08999999999999997,-0.09699999999999998,-24.299999999999997,-3.0,SY,YK,0.0,1.09
16071,Q96JI7,SPTCS,N2075S,Passenger,-0.25,-0.009999999999999995,0.74,0.54,0.0,0.0,-0.13,0.043999999999999984,-20.800000000000004,4.0,FN,NP,0.0,1.63
9918,Q05586,NMDZ1,P447L,Passenger,-0.27000000000000046,-0.41999999999999993,2.4699999999999998,2.17,0.94,0.2799999999999999,-0.43999999999999995,-0.14400000000000002,28.400000000000006,165.0,SP,PR,0.0,0.97
17458,Q13454,TUSC3,I65V,Passenger,0.0,-0.9000000000000001,-0.3699999999999999,-0.53,0.08999999999999997,0.0,0.0,-0.07600000000000001,-16.900000000000006,-28.0,SI,IF,0.0,0.0
5312,Q13315,ATM,P960L,Passenger,-0.27000000000000046,-0.41999999999999993,2.4699999999999998,2.17,0.94,0.2799999999999999,-0.43999999999999995,-0.14400000000000002,28.400000000000006,165.0,YP,PL,0.0,1.09
